apt_seq,name,flag,converted_on,note,reviewed_on
11680-4341,강남브리즈힐(토지임대부아파트),land_lease,,이름에 토지임대부아파트. 땅값이 빠진 가격(사용자 확인),2026-09-25
11650-3976,호반써밋서초파크뷰(토지임대부아파트),land_lease,,이름에 토지임대부아파트. 땅값이 빠진 가격(사용자 확인),2026-09-25
41590-1761,서봉마을사랑으로부영6단지,sale_conversion,,묶음1(이름에 임대 표시): 첫 시세용 매매 2025-04-12 전 전월세 2503건(월 48.7건). 후보 묶음 일괄 승인(사용자),2026-09-25
41590-1316,오색마을사랑으로부영10단지,sale_conversion,,묶음1(이름에 임대 표시): 첫 시세용 매매 2026-09-01 전 전월세 2272건(월 33.4건). 후보 묶음 일괄 승인(사용자),2026-09-25
41590-1505,화성향남서봉마을사랑으로부영7단지,sale_conversion,,묶음1(이름에 임대 표시): 첫 시세용 매매 2025-01-22 전 전월세 2250건(월 46.2건). 후보 묶음 일괄 승인(사용자),2026-09-25
41590-1322,오색마을사랑으로부영9단지,sale_conversion,,묶음1(이름에 임대 표시): 첫 시세용 매매 2026-08-24 전 전월세 1791건(월 26.5건). 후보 묶음 일괄 승인(사용자),2026-09-25
41131-1625,위례포레스트부영,sale_conversion,,묶음1(이름에 임대 표시): 첫 시세용 매매 2025-05-15 전 전월세 1733건(월 34.4건). 후보 묶음 일괄 승인(사용자),2026-09-25
41480-1365,산내마을2단지센트럴리움(공공임대),sale_conversion,,묶음1(이름에 임대 표시): 첫 시세용 매매 2024-07-13 전 전월세 1313건(월 31.3건). 후보 묶음 일괄 승인(사용자),2026-09-25
41281-3156,디엠씨해링턴플레이스엔에이치에프(임대),sale_conversion,,묶음1(이름에 임대 표시): 첫 시세용 매매 2026-01-26 전 전월세 1244건(월 20.5건). 후보 묶음 일괄 승인(사용자),2026-09-25
41590-1937,엔에이치에프엘크루,sale_conversion,,묶음1(이름에 임대 표시): 첫 시세용 매매 2026-05-21 전 전월세 1168건(월 18.1건). 후보 묶음 일괄 승인(사용자),2026-09-25
28200-5322,더포레스트,sale_conversion,,묶음2(이름 표시 없음): 첫 시세용 매매 2024-05-16 전 전월세 1062건(월 26.8건). 후보 묶음 일괄 승인(사용자),2026-09-25
41570-933,한강센트럴블루힐,sale_conversion,,묶음2(이름 표시 없음): 첫 시세용 매매 2024-01-24 전 전월세 1013건(월 28.2건). 후보 묶음 일괄 승인(사용자),2026-09-25
41220-3379,평택고덕신동아파밀리에엔에이치에프7단지,sale_conversion,,묶음1(이름에 임대 표시): 첫 시세용 매매 2026-03-31 전 전월세 893건(월 15.8건). 후보 묶음 일괄 승인(사용자),2026-09-25
41310-1082,엘에이치이스트힐,sale_conversion,,묶음1(이름에 임대 표시): 첫 시세용 매매 2024-05-20 전 전월세 796건(월 19.7건). 후보 묶음 일괄 승인(사용자),2026-09-25
41630-797,지에스건설제이드웰엔에이치에프,sale_conversion,,묶음1(이름에 임대 표시): 첫 시세용 매매 2025-09-19 전 전월세 791건(월 14.0건). 후보 묶음 일괄 승인(사용자),2026-09-25
41590-1815,엔에이치에프경남아너스빌,sale_conversion,,묶음1(이름에 임대 표시): 첫 시세용 매매 2026-03-11 전 전월세 782건(월 12.9건). 후보 묶음 일괄 승인(사용자),2026-09-25
41113-2204,벨섬시티,sale_conversion,,묶음2(이름 표시 없음): 첫 시세용 매매 2024-11-27 전 전월세 771건(월 16.4건). 후보 묶음 일괄 승인(사용자),2026-09-25
41390-2440,네이처포레,sale_conversion,,묶음2(이름 표시 없음): 첫 시세용 매매 2025-01-16 전 전월세 713건(월 14.7건). 후보 묶음 일괄 승인(사용자),2026-09-25
41370-793,세교쌍용예가엔에이치에프,sale_conversion,,묶음1(이름에 임대 표시): 첫 시세용 매매 2024-06-17 전 전월세 696건(월 16.9건). 후보 묶음 일괄 승인(사용자),2026-09-25
41220-3074,뜨레휴이곡마을7단지,sale_conversion,,묶음2(이름 표시 없음): 첫 시세용 매매 2025-07-18 전 전월세 676건(월 12.8건). 후보 묶음 일괄 승인(사용자),2026-09-25
41390-2570,센텀베이1차,sale_conversion,,묶음2(이름 표시 없음): 첫 시세용 매매 2025-06-12 전 전월세 637건(월 12.3건). 후보 묶음 일괄 승인(사용자),2026-09-25
28260-4594,루원시티루에블리,sale_conversion,,묶음2(이름 표시 없음): 첫 시세용 매매 2025-02-18 전 전월세 627건(월 12.7건). 후보 묶음 일괄 승인(사용자),2026-09-25
41390-2617,네이처뷰,sale_conversion,,묶음2(이름 표시 없음): 첫 시세용 매매 2026-03-30 전 전월세 588건(월 9.6건). 후보 묶음 일괄 승인(사용자),2026-09-25
41590-1646,르파비스,sale_conversion,,묶음2(이름 표시 없음): 첫 시세용 매매 2024-07-15 전 전월세 543건(월 14.6건). 후보 묶음 일괄 승인(사용자),2026-09-25
41590-1661,서희스타힐스엔에이치에프,sale_conversion,,묶음1(이름에 임대 표시): 첫 시세용 매매 2024-06-24 전 전월세 539건(월 14.2건). 후보 묶음 일괄 승인(사용자),2026-09-25
11530-3515,천왕이펜하우스3단지,sale_conversion,,묶음2(이름 표시 없음): 첫 시세용 매매 2023-03-27 전 전월세 511건(월 19.4건). 후보 묶음 일괄 승인(사용자),2026-09-25
41410-1570,숲속반디채,sale_conversion,,묶음2(이름 표시 없음): 첫 시세용 매매 2026-01-23 전 전월세 507건(월 8.5건). 후보 묶음 일괄 승인(사용자),2026-09-25
41150-2476,라디언트캐슬,sale_conversion,,묶음2(이름 표시 없음): 첫 시세용 매매 2025-03-05 전 전월세 490건(월 9.9건). 후보 묶음 일괄 승인(사용자),2026-09-25
41150-2510,민락노블랜드엔에이치에프,sale_conversion,,묶음1(이름에 임대 표시): 첫 시세용 매매 2026-01-29 전 전월세 481건(월 7.9건). 후보 묶음 일괄 승인(사용자),2026-09-25
41550-499,안성수창해뜨레,sale_conversion,,묶음2(이름 표시 없음): 첫 시세용 매매 2026-06-15 전 전월세 469건(월 7.2건). 후보 묶음 일괄 승인(사용자),2026-09-25
41390-2602,센텀베이2차,sale_conversion,,묶음2(이름 표시 없음): 첫 시세용 매매 2025-08-27 전 전월세 441건(월 8.2건). 후보 묶음 일괄 승인(사용자),2026-09-25
41281-3162,디엠씨하우스디엔에이치에프(임대),sale_conversion,,묶음1(이름에 임대 표시): 첫 시세용 매매 2026-03-25 전 전월세 440건(월 7.0건). 후보 묶음 일괄 승인(사용자),2026-09-25
28177-6392,e편한세상도화6-2단지,sale_conversion,,묶음2(이름 표시 없음): 첫 시세용 매매 2025-06-03 전 전월세 435건(월 9.1건). 후보 묶음 일괄 승인(사용자),2026-09-25
41590-1702,시티프라디움2차아파트,sale_conversion,,묶음2(이름 표시 없음): 첫 시세용 매매 2023-10-20 전 전월세 431건(월 12.9건). 후보 묶음 일괄 승인(사용자),2026-09-25
41220-2834,이곡마을6단지,sale_conversion,,묶음2(이름 표시 없음): 첫 시세용 매매 2024-08-27 전 전월세 429건(월 9.8건). 후보 묶음 일괄 승인(사용자),2026-09-25
41390-2580,시흥배곧신도시대방노블랜드엘리트시티,sale_conversion,,묶음2(이름 표시 없음): 첫 시세용 매매 2025-01-13 전 전월세 410건(월 9.9건). 후보 묶음 일괄 승인(사용자),2026-09-25
41590-1537,동탄2엘에이치26단지아파트(에이65블록),sale_conversion,,묶음1(이름에 임대 표시): 첫 시세용 매매 2023-04-26 전 전월세 410건(월 14.9건). 후보 묶음 일괄 승인(사용자),2026-09-25
41450-389,미사강변브라운스톤엔에이치에프,sale_conversion,,묶음1(이름에 임대 표시): 첫 시세용 매매 2025-06-16 전 전월세 396건(월 7.4건). 후보 묶음 일괄 승인(사용자),2026-09-25
41390-2349,리벤티움,sale_conversion,,묶음2(이름 표시 없음): 첫 시세용 매매 2024-05-20 전 전월세 366건(월 9.4건). 후보 묶음 일괄 승인(사용자),2026-09-25
41390-2421,가온수플,sale_conversion,,묶음2(이름 표시 없음): 첫 시세용 매매 2025-03-26 전 전월세 330건(월 6.5건). 후보 묶음 일괄 승인(사용자),2026-09-25
41450-359,미사강변효성해링턴플레이스엔에이치에프,sale_conversion,,묶음1(이름에 임대 표시): 첫 시세용 매매 2024-02-22 전 전월세 304건(월 8.1건). 후보 묶음 일괄 승인(사용자),2026-09-25
28177-6128,도화서희스타힐스,sale_conversion,,묶음2(이름 표시 없음): 첫 시세용 매매 2025-09-26 전 전월세 289건(월 5.1건). 후보 묶음 일괄 승인(사용자),2026-09-25
41150-2293,엘에이치휴스토리,sale_conversion,,묶음1(이름에 임대 표시): 첫 시세용 매매 2024-06-04 전 전월세 287건(월 7.1건). 후보 묶음 일괄 승인(사용자),2026-09-25
41194-10704,엘에이치옥길센트럴힐,sale_conversion,,묶음1(이름에 임대 표시): 첫 시세용 매매 2025-05-19 전 전월세 265건(월 5.2건). 후보 묶음 일괄 승인(사용자),2026-09-25
11140-1300,서울역센트럴자이,sale_conversion,,묶음2(이름 표시 없음): 첫 시세용 매매 2022-01-17 전 전월세 263건(월 21.4건). 후보 묶음 일괄 승인(사용자),2026-09-25
11680-3965,강남신동아파밀리에1단지,sale_conversion,,묶음2(이름 표시 없음): 첫 시세용 매매 2023-04-24 전 전월세 259건(월 9.6건). 후보 묶음 일괄 승인(사용자),2026-09-25
41461-2304,역북2단지우남퍼스트빌,sale_conversion,,묶음2(이름 표시 없음): 첫 시세용 매매 2022-06-25 전 전월세 257건(월 15.9건). 후보 묶음 일괄 승인(사용자),2026-09-25
41450-369,미사강변리슈빌엔에이치에프,sale_conversion,,묶음1(이름에 임대 표시): 첫 시세용 매매 2024-09-03 전 전월세 255건(월 6.3건). 후보 묶음 일괄 승인(사용자),2026-09-25
28237-5115,래미안부평(임대),sale_conversion,,묶음1(이름에 임대 표시): 첫 시세용 매매 2025-06-14 전 전월세 238건(월 4.5건). 후보 묶음 일괄 승인(사용자),2026-09-25
28185-807,송도더샵파크애비뉴,sale_conversion,,묶음2(이름 표시 없음): 첫 시세용 매매 2022-12-10 전 전월세 205건(월 9.0건). 후보 묶음 일괄 승인(사용자),2026-09-25
41150-2215,엘에이치브라운빌리지,sale_conversion,,묶음1(이름에 임대 표시): 첫 시세용 매매 2025-09-02 전 전월세 196건(월 3.5건). 후보 묶음 일괄 승인(사용자),2026-09-25
28260-112,진주1,sale_conversion,,묶음2(이름 표시 없음): 첫 시세용 매매 2022-10-17 전 전월세 165건(월 7.7건). 후보 묶음 일괄 승인(사용자),2026-09-25
41590-1773,모아미래도에듀파크서봉마을4단지,sale_conversion,,묶음2(이름 표시 없음): 첫 시세용 매매 2024-05-15 전 전월세 160건(월 5.2건). 후보 묶음 일괄 승인(사용자),2026-09-25
28200-5202,엘에이치청아안,sale_conversion,,묶음1(이름에 임대 표시): 첫 시세용 매매 2022-04-01 전 전월세 46건(월 3.1건). 후보 묶음 일괄 승인(사용자),2026-09-25
